{
  "images": [
    {
      "width": 1200,
      "height": 857,
      "id": 0,
      "file_name": "b8aac263-cats.jpg"
    },
    {
      "width": 2121,
      "height": 1193,
      "id": 1,
      "file_name": "05b2095d-dogs.jpg"
    },
    {
      "width": 1024,
      "height": 640,
      "id": 2,
      "file_name": "abf444d4-dolphins.jpg"
    },
    {
      "width": 1600,
      "height": 1144,
      "id": 3,
      "file_name": "15aa5918-elephants.jpg"
    },
    {
      "width": 599,
      "height": 399,
      "id": 4,
      "file_name": "7ca6e270-pandas.jpg"
    },
    {
      "width": 2560,
      "height": 1707,
      "id": 5,
      "file_name": "7ce6b688-tiger.jpg"
    }
  ],
  "categories": [
    {
      "id": 0,
      "name": "cat"
    },
    {
      "id": 1,
      "name": "dog"
    },
    {
      "id": 2,
      "name": "dolphin"
    },
    {
      "id": 3,
      "name": "elephant"
    },
    {
      "id": 4,
      "name": "panda"
    },
    {
      "id": 5,
      "name": "tiger"
    }
  ],
  "annotations": [
    {
      "id": 0,
      "image_id": 0,
      "category_id": 0,
      "segmentation": [],
      "bbox": [
        181.311706629055,
        454.4880112834973,
        320.317348377997,
        230.87023977432992
      ],
      "ignore": 0,
      "iscrowd": 0,
      "area": 73951.74302390574
    },
    {
      "id": 1,
      "image_id": 0,
      "category_id": 0,
      "segmentation": [],
      "bbox": [
        754.2566995768683,
        216.36530324400567,
        258.67136812411843,
        531.8476727785606
      ],
      "ignore": 0,
      "iscrowd": 0,
      "area": 137573.76515125873
    },
    {
      "id": 2,
      "image_id": 0,
      "category_id": 0,
      "segmentation": [],
      "bbox": [
        453.2792665726374,
        346.9097320169251,
        331.19605077574016,
        454.488011283498
      ],
      "ignore": 0,
      "iscrowd": 0,
      "area": 150524.63446201457
    },
    {
      "id": 3,
      "image_id": 1,
      "category_id": 1,
      "segmentation": [],
      "bbox": [
        1413.9999999999998,
        273.40181268882174,
        538.2598187311181,
        822.3413897280967
      ],
      "ignore": 0,
      "iscrowd": 0,
      "area": 442633.3273701411
    },
    {
      "id": 4,
      "image_id": 1,
      "category_id": 1,
      "segmentation": [],
      "bbox": [
        965.4501510574019,
        435.73413897280966,
        414.3746223564955,
        653.6012084592145
      ],
      "ignore": 0,
      "iscrowd": 0,
      "area": 270835.7539270361
    },
    {
      "id": 5,
      "image_id": 1,
      "category_id": 1,
      "segmentation": [],
      "bbox": [
        211.4592145015106,
        271.26586102719034,
        405.83081570996967,
        768.9425981873111
      ],
      "ignore": 0,
      "iscrowd": 0,
      "area": 312060.6018564999
    },
    {
      "id": 6,
      "image_id": 1,
      "category_id": 1,
      "segmentation": [],
      "bbox": [
        604.4743202416918,
        333.2084592145015,
        386.60725075528694,
        736.9033232628396
      ],
      "ignore": 0,
      "iscrowd": 0,
      "area": 284892.1678790809
    },
    {
      "id": 7,
      "image_id": 2,
      "category_id": 2,
      "segmentation": [],
      "bbox": [
        235.11782477341387,
        94.87210473313193,
        278.4290030211481,
        191.80664652567975
      ],
      "ignore": 0,
      "iscrowd": 0,
      "area": 53404.53336497478
    },
    {
      "id": 8,
      "image_id": 2,
      "category_id": 2,
      "segmentation": [],
      "bbox": [
        590.8882175226586,
        18.561933534743204,
        209.33736153071507,
        349.583081570997
      ],
      "ignore": 0,
      "iscrowd": 0,
      "area": 73180.79993184927
    },
    {
      "id": 9,
      "image_id": 3,
      "category_id": 3,
      "segmentation": [],
      "bbox": [
        599.395770392749,
        544.6122860020137,
        557.5025176233614,
        414.09869083585073
      ],
      "ignore": 0,
      "iscrowd": 0,
      "area": 230861.06268552475
    },
    {
      "id": 10,
      "image_id": 3,
      "category_id": 3,
      "segmentation": [],
      "bbox": [
        215.91137965760336,
        117.62336354481366,
        1232.6283987915415,
        852.3665659617318
      ],
      "ignore": 0,
      "iscrowd": 0,
      "area": 1050651.2353848543
    },
    {
      "id": 11,
      "image_id": 4,
      "category_id": 4,
      "segmentation": [],
      "bbox": [
        293.3645990922846,
        135.81694402420575,
        270.42662632375175,
        217.9107413010588
      ],
      "ignore": 0,
      "iscrowd": 0,
      "area": 58928.86660975317
    },
    {
      "id": 12,
      "image_id": 4,
      "category_id": 4,
      "segmentation": [],
      "bbox": [
        9.054462934947047,
        94.16641452344936,
        210.0635400907714,
        205.2344931921332
      ],
      "ignore": 0,
      "iscrowd": 0,
      "area": 43112.28418867482
    },
    {
      "id": 13,
      "image_id": 5,
      "category_id": 5,
      "segmentation": [],
      "bbox": [
        701.3655589123865,
        373.8897280966766,
        1557.4441087613277,
        876.706948640483
      ],
      "ignore": 0,
      "iscrowd": 0,
      "area": 1365422.0722702402
    }
  ],
  "info": {
    "year": 2025,
    "version": "1.0",
    "description": "",
    "contributor": "Label Studio",
    "url": "",
    "date_created": "2025-03-21 18:01:22.970578"
  }
}